FirstName;LastName;Email;Street;PostalCode;City;Country
Anna;Jansen;anna.jansen@example.com;Hoofdweg 146;7226;Rome;Italië
Sophie;Peeters;sophie.peeters@example.com;Hoofdweg 139;3755;Amsterdam;Nederland
Mila;Rossi;mila.rossi@example.com;Ulica Marszałkowska 49;7452;Dublin;Ierland
Finn;Peeters;finn.peeters@example.com;Dorpsstraat 101;6611;Amsterdam;Nederland
Mila;Kowalski;mila.kowalski@example.com;Baker Street 170;2441;Moskou;Rusland
Emma;Garcia;emma.garcia@example.com;Baker Street 69;1954;Moskou;Rusland
Emma;Kowalski;emma.kowalski@example.com;Via Roma 3;1497;Amsterdam;Nederland
Liam;Garcia;liam.garcia@example.com;Aleje Jerozolimskie 144;2239;Rome;Italië
Emma;Dubois;emma.dubois@example.com;Baker Street 31;3646;Amsterdam;Nederland
Emma;Rossi;emma.rossi@example.com;Via Roma 1;3459;;Nederland
Julia;Jansen;julia.jansen@example.com;Rue de la Paix 30;3462;Amsterdam;Nederland
Anna;Jansen;anna.jansen@example.com;Tverskaya 158;8402;Amsterdam;Nederland
Mila;Schmidt;mila.schmidt@example.com;Rue de la Paix 157;9809;Dublin;Ierland
Noah;Nowak;noah.nowak@example.com;Ulica Marszałkowska 151;1760;Madrid;Spanje
Mila;Ivanov;mila.ivanov@example.com;Baker Street 56;1804;Rome;Italië
Anna;Ivanov;anna.ivanov@example.com;O'Connell Street 10;1420;Parijs;Frankrijk
Liam;Murphy;liam.murphy@example.com;Tverskaya 135;7665;Parijs;Frankrijk
Lucas;Kowalski;lucas.kowalski@example.com;Baker Street 60;2486;Warschau;Polen
Max;Ivanov;max.ivanov@example;Gran Via 159;8167;Brussel;België
Julia;Schmidt;julia.schmidt@example.com;Rue de la Paix 179;2115;Berlijn;Duitsland
Lucas;Garcia;lucas.garcia@example.com;Ulica Marszałkowska 39;2229;Dublin;Ierland
Julia;Peeters;julia.peeters@example.com;Dorpsstraat 173;5072;Moskou;Rusland
Anna;Jansen;anna.jansen@example.com;Rue de la Paix 84;5834;Dublin;Ierland
Noah;Ivanov;noah.ivanov@example.com;Ulica Marszałkowska 142;3363;Brussel;België
Emma;Nowak;emma.nowak@example.com;Hoofdweg 17;1725;Krakau;Polen
Anna;Murphy;anna.murphy@example.com;Via Roma 73;3813;Moskou;Rusland
Julia;Schmidt;julia.schmidt@example.com;Dorpsstraat 113;9094;Rome;Italië
Liam;Nowak;liam.nowak@example.com;Baker Street 7;2580;Madrid;Spanje
Julia;Garcia;julia.garcia@example.com;Hoofdweg 111;4117;Berlijn;Duitsland
Noah;Murphy;noah.murphy@example.com;Via Roma 196;9948;Dublin;Ierland
Anna;Jansen;anna.jansen@example.com;Baker Street 70;2132;Dublin;Ierland
Lucas;Jansen;lucas.jansen@example.com.Via Roma 61;1486;Rome;Italië
Julia;Murphy;julia.murphy@example.com;Gran Via 85;2707;Amsterdam;Nederland
Mila;Dubois;mila.dubois@example.com;Via Roma 140;2587;Krakau;Polen
Lucas;Peeters;lucas.peeters@example.com;Dorpsstraat 163;9809;Moskou;Rusland
Finn;Dubois;finn.dubois@example.com;Aleje Jerozolimskie 193;6239;Dublin;Ierland
Julia;Rossi;julia.rossi@example.com;O'Connell Street 60;5897;Warschau;Polen
Sophie;Dubois;sophie.dubois@example.com;Aleje Jerozolimskie 171;2934;Krakau;Polen
Noah;Schmidt;noah.schmidt@example.com;O'Connell Street 31;2348;Berlijn;Duitsland
Liam;Dubois;liam.dubois@example.com;Via Roma 7;9213;Rome;Italië
Mila;Garcia;mila.garcia@example.com;Ulica Marszałkowska 1;3974;Moskou;Rusland
Julia;Garcia;julia.garcia@example.com;Gran Via 46;2996;Dublin;Ierland
Finn;Garcia;finn.garcia@example.com;Hoofdweg 170;1292;Krakau;Polen
Noah;Kowalski;noah.kowalski@example.com;Rue de la Paix 197;3735;Moskou;Rusland
Liam;Schmidt;liam.schmidt@example.com;171 Baker Street;2094;Brussel;België
Lucas;Kowalski;lucas.kowalski@example.com;Hoofdweg 184;6648;Brussel;België
Lucas;Ivanov;lucas.ivanov@example.com;Via Roma 99;3274;Brussel;België
Anna;Peeters;anna.peeters@example.com;Ulica Marszałkowska 132;4228;Brussel;België
Emma;Murphy;emma.murphy@example.com;Ulica Marszałkowska 11;2492;Moskou;Rusland
Noah;Garcia;noah.garcia@example.com;Dorpsstraat 36;8444;Warschau;Polen
Mila;Jansen;mila.jansen@example.com;Baker Street 119;4886;Warschau;Polen
Anna;Ivanov;anna.ivanov@example.com;Ulica Marszałkowska 188;5829;Krakau;Polen
Sophie;Jansen;sophie.jansen@example.com;Baker Street 114;7903;Rome;Italië
Mila;Schmidt;mila.schmidt@example.com;Ulica Marszałkowska 29;4038;Parijs;Frankrijk
Sophie;Ivanov;sophie.ivanov@@example.com;Hoofdweg 189;1163;Madrid;Spanje
Julia;Garcia;julia.garcia@example.com;Aleje Jerozolimskie 183;9226;Berlijn;Duitsland
Julia;Peeters;julia.peeters@example.com;Tverskaya 145;7273;Madrid;Spanje
Emma;Schmidt;emma.schmidt@example.com;Rue de la Paix 137;8988;Berlijn;Duitsland
Finn;Peeters;finn.peeters@example.com;Hoofdweg 97;2361;Amsterdam;Nederland
Anna;Rossi;anna.rossi@example.com;Rue de la Paix 43;9491;Amsterdam;Nederland
Lucas;Kowalski;lucas.kowalski@example.com;Dorpsstraat 37;7544;Krakau;Polen
Noah;Ivanov;noah.ivanov@example.com;Via Roma 1;3843;Dublin;Ierland
Lucas;Ivanov;lucas.ivanov@example.com;Rue de la Paix 6;1253;Berlijn;Duitsland
Anna;Dubois;anna.dubois@example.com;Gran Via 98;5476;Parijs;Frankrijk
Max;Garcia;max.garcia@example.com;Hoofdweg 106;2507;Parijs;Frankrijk
Liam;Schmidt;liam.schmidt@example.com;Via Roma 121;8937;Parijs;Frankrijk
Anna;Garcia;anna.garcia@example.com;Rue de la Paix 94;6990;Warschau;Polen
Lucas;Jansen;lucas.jansen@example.com;Gran Via 90;2153;Berlijn;Duitsland
Sophie;Kowalski;sophie.kowalski@example.com;Baker Street 11;2905;Madrid;Spanje
Finn;Jansen;finn.jansen@example.com;Gran Via 6;5687;Amsterdam;Nederland
Anna;Dubois;anna.dubois@example.com;Rue de la Paix 187;1455;Amsterdam;Nederland
Anna;Rossi;anna.rossi@example.com;Dorpsstraat 146;7235;Amsterdam;Nederland
Mila;Jansen;mila.jansen@example.com;O'Connell Street 106;6601;Dublin;Ierland
Noah;Kowalski;noah.kowalski@example.com;Dorpsstraat 146;8598;Amsterdam;Nederland
Anna;Rossi;anna.rossi@example.com;Aleje Jerozolimskie 170;4566;Krakau;Polen
Liam;Schmidt;liam.schmidt@example.com;Gran Via 179;4309;Berlijn;Duitsland
Emma;Schmidt;emma.schmidt@example.com;Tverskaya 58;8977;Moskou;Rusland
Anna;Kowalski;anna.kowalski@example.com,Hoofdweg 73;3067;Dublin;Ierland
Sophie;Jansen;sophie.jansen@example.com;Via Roma 122;3753;Amsterdam;Nederland
Julia;Kowalski;julia.kowalski@example.com;O'Connell Street 17;2712;Berlijn;Duitsland
Liam;Garcia;liam.garcia@example.com;Baker Street 141;3898;Rome;Italië
Julia;Peeters;julia.peeters@example.com;Baker Street 182;5479;Dublin;Ierland
Julia;Schmidt;julia.schmidt@example.com;Hoofdweg 155;6234;Moskou;Rusland
Noah;Ivanov;noah.ivanov@example.com;Dorpsstraat 10;1058;Brussel;België
Liam;Garcia;liam.garcia@example.com;Gran Via 91;9592;Warschau;
Mila;Rossi;mila.rossi@example.com;Ulica Marszałkowska 115;9737;Rome;
Anna;Ivanov;anna.ivanov@example.com;;Ulica Marszałkowska 190;7027;Amsterdam;Nederland
Lucas;Nowak;lucas.nowak@example.com;O'Connell Street 167;7301;Warschau;Polen
Mila;Schmidt;mila.schmidt@example.com;Rue de la Paix 57;6714;Madrid;Spanje
Julia;Schmidt;julia.schmidt@example.com;Ulica Marszałkowska 66;5825;Parijs;Frankrijk
Noah;Schmidt;noah.schmidt@example.com;Gran Via;9899;Dublin;Ierland
Finn;Schmidt;finn.schmidt@example.com;Via Roma 151;1723;Rome;Italië
Anna;Murphy;anna.murphy@example.com;Baker Street 61;9951;Amsterdam;Nederland
Julia;Dubois;julia.dubois@example.com;Tverskaya 166;1602;Parijs;Frankrijk
Emma;Dubois;emma.dubois@example.com;Tverskaya 175;1239;Madrid;Spanje
Mila;;mila.jansen@example.com;Gran Via 176;6648;Amsterdam;Nederland
Mila;Jansen;mila.jansen@example.com;Via Roma 7;1513;Brussel;België
Max;Schmidt;max.schmidt@example.com;Ulica Marszałkowska 158;4771;Brussel;België
Anna;Murphy;anna.murphy@example.com;Gran Via 44;1526;Krakau;Polen
Sophie;Peeters;sophie.peeters@example.com;Hoofdweg 59;6620;Dublin;Ierland
Sophie;Peeters;sophie.peeters@example.com;Dorpsstraat 63;3601;Amsterdam;Nederland
Liam;Garcia;liam.garcia@example.com;Gran Via 152;1970;Krakau;Polen
Noah;Jansen;noah.jansen@example.com;O'Connell Street 159;9939;Warschau;Polen
Noah;Murphy;noah.murphy@example.com;Rue de la Paix 175;2928;Amsterdam;Nederland
Liam;Kowalski;liam.kowalski@example.com;Ulica Marszałkowska 34;9047;Amsterdam;Nederland
Sophie;Jansen;sophie.jansen@example.com;Gran Via 15;6939;Dublin;Ierland
Anna;Peeters;anna.peeters@example.com;Tverskaya 114;-7522;Brussel;België
Finn;Schmidt;finn.schmidt@example.com;Gran Via 60;6677;Moskou;Rusland
Lucas;Peeters;lucas.peeters@example.com;Hoofdweg 108;5443;Warschau;Polen
Max;Rossi;max.rossi@example.com;Tverskaya 3;1813;Parijs;Frankrijk
Anna;Dubois;anna.dubois@example.com;Dorpsstraat 49;4218;Rome;Italië
Anna;Garcia;anna.garcia@example.com;Rue de la Paix 82;6622;Warschau;Polen
Sophie;Peeters;sophie.peeters@example.com;Dorpsstraat 44;8299;Warschau;Polen
Lucas;Jansen;lucas.jansen@example.com;Baker Street 198;6380;Berlijn;Duitsland
Max;Kowalski;max.kowalski@example.com;Dorpsstraat 36;7203;Amsterdam;Nederland
Julia;Schmidt;julia.schmidt@example.com;Ulica Marszałkowska 78;6299;Brussel;België
Sophie;Garcia;sophie.garcia@example.com;Rue de la Paix 8;8467;Rome;Italië
Emma;Dubois;emma.dubois@example.com;Ulica Marszałkowska 109;6047;Dublin;Ierland
Sophie;Rossi;sophie.rossi@example.com;Dorpsstraat 167;7091;Dublin;Ierland
Mila;Rossi;mila.rossi@example.com;O'Connell Street 180;1186;Warschau;Polen
Anna;Kowalski;anna.kowalski@example.com;Gran Via 100;4539;Madrid;Spanje
Sophie;Kowalski;sophie.kowalski@example.com;Aleje Jerozolimskie 49;4554;Parijs;Frankrijk
Lucas;Rossi;lucas.rossi@example.com;Ulica Marszałkowska 68;9082;Amsterdam;Nederland
Mila;Ivanov;mila.ivanov@example.com;Ulica Marszałkowska 63;5340;Amsterdam;Nederland
Sophie;Rossi;sophie.rossi@example.com;Aleje Jerozolimskie 120;3130;Brussel;België
Mila;Schmidt;mila.schmidt@example.com;Tverskaya 197;6014;Madrid;Spanje
Emma;Peeters;emma.peeters@example.com;O'Connell Street 34;1523;Amsterdam;Nederland
Sophie;Dubois;sophie.dubois@example.com;Rue de la Paix 52;5284;Brussel;België
Finn;Kowalski;finn.kowalski@example.com;Aleje Jerozolimskie 173;8314;Krakau;Polen
Julia;Dubois;julia.dubois@example.com;Aleje Jerozolimskie 176;337;Berlijn;Duitsland
Julia;Nowak;julia.nowak@example.com;Tverskaya 195;3117;Amsterdam;Nederland
Max;Dubois;max.dubois@example.com;O'Connell Street 66;8108;Madrid;Spanje
Mila;Murphy;mila.murphy@example.com;Aleje Jerozolimskie 148;8118;Warschau;Polen
Liam;Peeters;liam.peeters@example.com;O'Connell Street 6;1123;Brussel;België
Liam;Jansen;liam.jansen@example.com;Aleje Jerozolimskie 160;1410;Rome;Italië
Anna;Rossi;anna.rossi@example.com;Tverskaya 98;3194;Madrid;Spanje
Sophie;Jansen;sophie.jansen@example.com;Dorpsstraat 36;9404;Krakau;Polen
Max;Rossi;max.rossi@example.com;Via Roma 147;6586;Rome;Italië
Julia;Ivanov;julia.ivanov@example.com;Aleje Jerozolimskie 59;5807;Krakau;Polen
Lucas;Murphy;lucas.murphy@example.com;Hoofdweg 66;6237;Berlijn;Duitsland
;Dubois;max.dubois@example.com;Gran Via 171;5867;Parijs;Frankrijk
Anna;Kowalski;anna.kowalski@example.com;O'Connell Street 157;4130;Amsterdam;Nederland
Noah;Jansen;noah.jansen@example.com;Aleje Jerozolimskie 123;6631;Madrid;Spanje
Sophie;Kowalski;sophie.kowalski@example.com;O'Connell Street 142;1463;Berlijn;Duitsland
Max;Garcia;max.garcia@example.com;Via Roma 197;6129;Parijs;Frankrijk
Julia;Ivanov;julia.ivanov@example.com;Ulica Marszałkowska 63;9249;Rome;Italië
Emma;Kowalski;emma.kowalski@example.com;Gran Via 120;1726;Rome;Italië
Finn;Nowak;finn.nowak@example.com;Baker Street 162;5724;Moskou;Rusland
Noah;Jansen;noah.jansen@example.com;Rue de la Paix 28;4269;Madrid;Spanje
Sophie;Dubois;sophie.dubois@example.com;Via Roma 198;4822;Moskou;Rusland
